"Collection Name","CollectionID","Start Time","Duration in minutes","Maintenance Window Name","Maintenance Window Recurrence","Enabled"
"TS_AppDep","CEN0235B","02:00:00 AM","240","Remote Desktop and Terminal Servers","Occurs the Third Tuesday of every 1 month(s) ","True"
"TS_AppDep.GME","CEN02517","02:00:00 AM","240","GME Terminal Servers","Occurs every 3 week(s) on Tuesday ","True"
"TS_AppDep.GME.ACC","CEN025BD","02:00:00 AM","240","Acceptance GME Terminal Servers","Occurs every 1 week(s) on Tuesday ","True"
"TS_AppDep.GME.ACC._DG1","CEN025BE","02:00:00 AM","240","DG1 Acceptance GME Terminal Servers","Occurs every 1 week(s) on Monday ","True"
"TS_AppDep.GME.ACC._DG2","CEN025BF","02:00:00 AM","240","DG2 Acceptance GME Terminal Servers","Occurs every 1 week(s) on Wednesday ","True"
"TS_AppDep.GME.ACC.AS","CEN025CE","02:00:00 AM","240","Application Specific Acceptance GME Terminal Servers","Occurs every 3 week(s) on Tuesday ","True"
"TS_AppDep.GME.ACC.AS._DG1","CEN025CF","02:00:00 AM","240","DG1 Application Specific Acceptance GME Terminal Servers","Occurs every 1 week(s) on Monday ","True"
"TS_AppDep.GME.ACC.AS._DG2","CEN025D0","02:00:00 AM","240","DG2 Application Specific Acceptance GME Terminal Servers","Occurs every 1 week(s) on Wednesday ","True"
"TS_AppDep.GME.ACC.AS.Allegro","CEN025E2","02:00:00 AM","240","Allegro Application Specific Acceptance GME Terminal Servers","Occurs every 1 week(s) on Tuesday ","True"
"TS_AppDep.GME.ACC.AS.ArcGis","CEN02AD1","02:00:00 AM","240","TS_AppDep.GME.ACC.AS.ArcGis","Occurs every 1 week(s) on Friday ","True"
"TS_AppDep.GME.ACC.AS.ATLAS","CEN02AD2","02:00:00 AM","240","TS_AppDep.GME.ACC.AS.ATLAS","Occurs every 1 week(s) on Friday ","True"
"TS_AppDep.GME.ACC.AS.BPC","CEN025D2","02:00:00 AM","240","BPC Application Specific Acceptance GME Terminal Servers","Occurs every 1 week(s) on Tuesday ","True"
"TS_AppDep.GME.ACC.AS.BPC._DG1","CEN025D3","02:00:00 AM","240","DG1 BPC Application Specific Acceptance GME Terminal Servers","Occurs every 1 week(s) on Monday ","True"
"TS_AppDep.GME.ACC.AS.BPC._DG2","CEN025D4","02:00:00 AM","240","DG2 BPC Application Specific Acceptance GME Terminal Servers","Occurs every 1 week(s) on Wednesday ","True"
"TS_AppDep.GME.ACC.AS.CampusSystem","CEN02AD3","02:00:00 AM","240","TS_AppDep.GME.ACC.AS.CampusSystem","Occurs every 1 week(s) on Friday ","True"
"TS_AppDep.GME.ACC.AS.Core5","CEN025EF","02:00:00 AM","240","Core5 Application Specific Acceptance GME Terminal Servers","Occurs every 1 week(s) on Tuesday ","True"
"TS_AppDep.GME.ACC.AS.Corptax","CEN025D5","02:00:00 AM","240","Corptax Application Specific Acceptance GME Terminal Servers","Occurs every 1 week(s) on Tuesday ","True"
"TS_AppDep.GME.ACC.AS.EMAPSS","CEN025E7","02:00:00 AM","240","EMAPSS Application Specific Acceptance GME Terminal Servers","Occurs every 1 week(s) on Tuesday ","True"
"TS_AppDep.GME.ACC.AS.EMAPSS._DG1","CEN025E8","02:00:00 AM","240","DG1 EMAPPS Application Specific Acceptance GME Terminal Servers","Occurs every 1 week(s) on Thursday ","True"
"TS_AppDep.GME.ACC.AS.FRS","CEN025D8","02:00:00 AM","240","FRS Application Specific Acceptance GME Terminal Servers","Occurs every 1 week(s) on Tuesday ","True"
"TS_AppDep.GME.ACC.AS.Gpet","CEN025DA","02:00:00 AM","240","Gpet Application Specific Acceptance GME Terminal Servers","Occurs every 1 week(s) on Tuesday ","True"
"TS_AppDep.GME.ACC.AS.Gpet._DG1","CEN025DC","02:00:00 AM","240","DG1 Gpet Application Specific Acceptance GME Terminal Servers","Occurs every 1 week(s) on Monday ","True"
"TS_AppDep.GME.ACC.AS.Gpet._DG2","CEN025DD","02:00:00 AM","240","DG2 Gpet Application Specific Acceptance GME Terminal Servers","Occurs every 1 week(s) on Wednesday ","True"
"TS_AppDep.GME.ACC.AS.IDEAS","CEN027C5","02:00:00 AM","240","TS_AppDep.GME.ACC.AS.IDEAS","Occurs every 1 week(s) on Tuesday ","True"
"TS_AppDep.GME.ACC.AS.IDEAS._DG1","CEN027C6","02:00:00 AM","240","TS_AppDep.GME.ACC.AS.IDEAS._DG1","Occurs every 1 week(s) on Monday ","True"
"TS_AppDep.GME.ACC.AS.IDEAS._DG2","CEN027C7","02:00:00 AM","240","TS_AppDep.GME.ACC.AS.IDEAS._DG2","Occurs every 1 week(s) on Wednesday ","True"
"TS_AppDep.GME.ACC.AS.Intoolsv2009","CEN025DE","02:00:00 AM","240","Intools v2009 Application Specific Acceptance GME Terminal Servers","Occurs every 1 week(s) on Friday ","True"
"TS_AppDep.GME.ACC.AS.Intoolsv2009._DG1","CEN02AA1","02:00:00 AM","240","DG1 Intoolsv2009 Application Specific Acceptance GME Terminal Servers","Occurs every 1 week(s) on Monday ","True"
"TS_AppDep.GME.ACC.AS.Intoolsv2009._DG2","CEN02AA2","02:00:00 AM","240","DG2 Intoolsv2009 Application Specific Acceptance GME Terminal Servers","Occurs every 1 week(s) on Wednesday ","True"
"TS_AppDep.GME.ACC.AS.Intoolsv2013","CEN0285D","02:00:00 AM","240","TS_AppDep.GME.ACC.AS.Intoolsv2013","Occurs every 1 week(s) on Tuesday ","True"
"TS_AppDep.GME.ACC.AS.Intoolsv2013._DG1","CEN0285F","02:00:00 AM","240","TS_AppDep.GME.ACC.AS.Intoolsv2013._DG1","Occurs every 1 week(s) on Monday ","True"
"TS_AppDep.GME.ACC.AS.Intoolsv2013._DG2","CEN02860","02:00:00 AM","240","TS_AppDep.GME.ACC.AS.Intoolsv2013._DG2","Occurs every 1 week(s) on Wednesday ","True"
"TS_AppDep.GME.ACC.AS.Intoolsv2013Capital","CEN02A89","02:00:00 AM","240","Intoolsv2013 Capital Group Application Specific Acceptance GME Terminal Servers","Occurs every 1 week(s) on Friday ","True"
"TS_AppDep.GME.ACC.AS.Meridium","CEN025EA","02:00:00 AM","240","Meridium Application Specific Acceptance GME Terminal Servers","Occurs every 1 week(s) on Tuesday ","True"
"TS_AppDep.GME.ACC.AS.Meridium._DG1","CEN025EB","02:00:00 AM","240","DG1 Meridium Application Specific Acceptance GME Terminal Servers","Occurs every 1 week(s) on Thursday ","True"
"TS_AppDep.GME.ACC.AS.OpsInsight","CEN025EE","02:00:00 AM","240","OpsInsight Application Specific Acceptance GME Terminal Servers","Occurs every 1 week(s) on Tuesday ","True"
"TS_AppDep.GME.ACC.AS.Phoenix","CEN025E9","02:00:00 AM","240","Phoenix Application Specific Acceptance GME Terminal Servers","Occurs every 1 week(s) on Tuesday ","True"
"TS_AppDep.GME.ACC.AS.PSIMS","CEN025D9","02:00:00 AM","240","PSIMS Application Specific Acceptance GME Terminal Servers","Occurs every 1 week(s) on Tuesday ","True"
"TS_AppDep.GME.ACC.AS.PTMS","CEN025D7","02:00:00 AM","240","PTMS Application Specific Acceptance GME Terminal Servers","Occurs every 1 week(s) on Tuesday ","True"
"TS_AppDep.GME.ACC.AS.Romeo","CEN02AD5","02:00:00 AM","240","TS_AppDep.GME.ACC.AS.Romeo","Occurs every 1 week(s) on Friday ","True"
"TS_AppDep.GME.ACC.AS.SatiSped","CEN025D1","02:00:00 AM","240","SatiSped Application Specific Acceptance GME Terminal Servers","Occurs every 1 week(s) on Tuesday ","True"
"TS_AppDep.GME.ACC.AS.Shipnet","CEN025E3","02:00:00 AM","240","Shipnet Application Specific Acceptance GME Terminal Servers","Occurs every 1 week(s) on Tuesday ","True"
"TS_AppDep.GME.ACC.AS.Shipnet._DG1","CEN025E4","02:00:00 AM","240","DG1 Shipnet Application Specific Acceptance GME Terminal Servers","Occurs every 1 week(s) on Monday ","True"
"TS_AppDep.GME.ACC.AS.SmartShift","CEN025D6","02:00:00 AM","240","SmartShift Application Specific Acceptance GME Terminal Servers","Occurs every 1 week(s) on Tuesday ","True"
"TS_AppDep.GME.ACC.AS.TM1","CEN02A0A","02:00:00 AM","120","TM1 Application Specific Acceptance GME Terminal Servers","Occurs every 1 week(s) on Friday ","True"
"TS_AppDep.GME.ACC.AS.TM1._DG1","CEN02A0A","N/A","N/A","N/A","N/A","N/A"
"TS_AppDep.GME.ACC.AS.TMS","CEN025DF","02:00:00 AM","240","TMS Application Specific Acceptance GME Terminal Servers","Occurs every 1 week(s) on Tuesday ","True"
"TS_AppDep.GME.ACC.AS.TMS._DG1","CEN025E0","02:00:00 AM","240","DG1 TMS Application Specific Acceptance GME Terminal Servers","Occurs every 1 week(s) on Monday ","True"
"TS_AppDep.GME.ACC.AS.TMS._DG2","CEN025E1","02:00:00 AM","240","DG2 TMS Application Specific Acceptance GME Terminal Servers","Occurs every 1 week(s) on Wednesday ","True"
"TS_AppDep.GME.ACC.AS.UTC","CEN025EC","02:00:00 AM","240","UTC Application Specific Acceptance GME Terminal Servers","Occurs every 1 week(s) on Tuesday ","True"
"TS_AppDep.GME.ACC.AS.WELLVIEW","CEN02AD6","02:00:00 AM","240","TS_AppDep.GME.ACC.AS.WELLVIEW","Occurs every 1 week(s) on Friday ","True"
"TS_AppDep.GME.ACC.AS.XTO","CEN025ED","02:00:00 AM","240","XTO Application Specific Acceptance GME Terminal Servers","Occurs every 1 week(s) on Tuesday ","True"
"TS_AppDep.GME.ACC.GP","CEN025F0","02:00:00 AM","240","General Purpose Acceptance GME Terminal Servers","Occurs every 1 week(s) on Friday ","True"
"TS_AppDep.GME.ACC.GP._DG1","CEN025F1","02:00:00 AM","240","DG1 General Purpose Acceptance GME Terminal Servers","Occurs every 1 week(s) on Monday ","True"
"TS_AppDep.GME.ACC.GP._DG2","CEN025F2","02:00:00 AM","240","DG2 General Purpose Acceptance GME Terminal Servers","Occurs every 1 week(s) on Wednesday ","True"
"TS_AppDep.GME.ACC.GP.DAL","CEN025FF","02:00:00 AM","240","DAL General Purpose Acceptance GME Terminal Servers","Occurs every 1 week(s) on Tuesday ","True"
"TS_AppDep.GME.ACC.GP.DOWNSTREAM","CEN025F3","02:00:00 AM","240","Downstream General Purpose Acceptance GME Terminal Servers","Occurs every 1 week(s) on Tuesday ","True"
"TS_AppDep.GME.ACC.GP.DOWNSTREAM._DG1","CEN025F4","02:00:00 AM","240","DG1 Downstream General Purpose Acceptance GME Terminal Servers","Occurs every 1 week(s) on Thursday ","True"
"TS_AppDep.GME.ACC.GP.DOWNSTREAM._DG2","CEN025F5","02:00:00 AM","240","DG2 Downstream General Purpose Acceptance GME Terminal Servers","Occurs every 1 week(s) on Thursday ","True"
"TS_AppDep.GME.ACC.GP.FRS","CEN02AD7","02:00:00 AM","240","TS_AppDep.GME.ACC.GP.FRS","Occurs every 1 week(s) on Friday ","True"
"TS_AppDep.GME.ACC.GP.HOE","CEN02601","02:00:00 AM","240","HOE General Purpose Acceptance GME Terminal Servers","Occurs every 1 week(s) on Tuesday ","True"
"TS_AppDep.GME.ACC.GP.HOE._DG1","CEN02602","02:00:00 AM","240","DG1 HOE General Purpose Acceptance GME Terminal Servers","Occurs every 1 week(s) on Friday ","True"
"TS_AppDep.GME.ACC.GP.HOE._DG2","CEN02603","02:00:00 AM","240","DG2 HOE General Purpose Acceptance GME Terminal Servers","Occurs every 1 week(s) on Friday ","True"
"TS_AppDep.GME.ACC.GP.SYN","CEN0294F","02:00:00 AM","240","SYN General Purpose Acceptance GME Terminal Servers","Occurs every 3 week(s) on Tuesday ","True"
"TS_AppDep.GME.ACC.GP.SYN._DG1","CEN02950","02:00:00 AM","240","DG1 SYN General Purpose Acceptance GME Terminal Servers","Occurs every 1 week(s) on Monday ","True"
"TS_AppDep.GME.ACC.GP.UDR","CEN02950","N/A","N/A","N/A","N/A","N/A"
"TS_AppDep.GME.ACC.GP.UPS","CEN025FE","02:00:00 AM","240","UPS General Purpose Acceptance GME Terminal Servers","Occurs every 1 week(s) on Tuesday ","True"
"TS_AppDep.GME.ACC.GP.UPSTREAM","CEN025F6","02:00:00 AM","240","Upstream General Purpose Acceptance GME Terminal Servers","Occurs every 1 week(s) on Tuesday ","True"
"TS_AppDep.GME.ACC.GP.UPSTREAM._DG1","CEN025F7","02:00:00 AM","240","DG1 Upstream General Purpose Acceptance GME Terminal Servers","Occurs every 1 week(s) on Thursday ","True"
"TS_AppDep.GME.ACC.GP.UPSTREAM._DG2","CEN025F8","02:00:00 AM","240","DG2 Upstream General Purpose Acceptance GME Terminal Servers","Occurs every 1 week(s) on Thursday ","True"
"TS_AppDep.GME.DEV","CEN0281D","02:00:00 AM","240","TS_AppDep.GME.DEV","Occurs the Third Tuesday of every 1 month(s) ","True"
"TS_AppDep.GME.DEV._DG1","CEN0281E","02:00:00 AM","240","TS_AppDep.GME.DEV._DG1","Occurs every 1 week(s) on Monday ","True"
"TS_AppDep.GME.DEV._DG2","CEN0281F","02:00:00 AM","240","TS_AppDep.GME.DEV._DG2","Occurs every 1 week(s) on Wednesday ","True"
"TS_AppDep.GME.DEV.AS","CEN02820","02:00:00 AM","240","TS_AppDep.GME.DEV.AS","Occurs the Third Tuesday of every 1 month(s) ","True"
"TS_AppDep.GME.DEV.AS._DG1","CEN02821","02:00:00 AM","240","TS_AppDep.GME.DEV.AS._DG1","Occurs every 1 week(s) on Monday ","True"
"TS_AppDep.GME.DEV.AS._DG2","CEN02822","02:00:00 AM","240","TS_AppDep.GME.DEV.AS._DG2","Occurs every 1 week(s) on Wednesday ","True"
"TS_AppDep.GME.DEV.AS.BPC","CEN02AD8","02:00:00 AM","240","TS_AppDep.GME.DEV.AS.BPC","Occurs every 1 week(s) on Friday ","True"
"TS_AppDep.GME.DEV.AS.EMAPSS","CEN02AD9","02:00:00 AM","240","TS_AppDep.GME.DEV.AS.EMAPSS","Occurs every 1 week(s) on Friday ","True"
"TS_AppDep.GME.DEV.AS.GPET","CEN02823","02:00:00 AM","240","TS_AppDep.GME.DEV.AS.GPET","Occurs the Third Tuesday of every 1 month(s) ","True"
"TS_AppDep.GME.DEV.AS.Intoolsv2009","CEN02A8A","02:00:00 AM","240","Intoolsv2009 Application Specific Development GME Terminal Servers","Occurs every 1 week(s) on Friday ","True"
"TS_AppDep.GME.DEV.AS.Intoolsv2009._DG1","CEN02A8B","02:00:00 AM","240","DG1 Intoolsv2009 Application Specific Development GME Terminal Servers","Occurs every 1 week(s) on Monday ","True"
"TS_AppDep.GME.DEV.AS.Intoolsv2009._DG2","CEN02A8C","02:00:00 AM","240","DG2 Intoolsv2009 Application Specific Development GME Terminal Servers","Occurs every 1 week(s) on Wednesday ","True"
"TS_AppDep.GME.DEV.AS.Intoolsv2013","CEN02A8D","02:00:00 AM","240","Intoolsv2013 Application Specific Development GME Terminal Servers","Occurs every 1 week(s) on Friday ","True"
"TS_AppDep.GME.DEV.AS.Intoolsv2013Capital","CEN02A8E","02:00:00 AM","240","Intoolsv2013 Capital Group Application Specific Development GME Terminal Servers","Occurs every 1 week(s) on Friday ","True"
"TS_AppDep.GME.DEV.AS.Meridium","CEN02824","02:00:00 AM","240","TS_AppDep.GME.DEV.AS.Meridium","Occurs the Third Tuesday of every 1 month(s) ","True"
"TS_AppDep.GME.DEV.AS.Meridium._DG1","CEN02825","02:00:00 AM","240","TS_AppDep.GME.DEV.AS.Meridium._DG1","Occurs every 1 week(s) on Monday ","True"
"TS_AppDep.GME.DEV.AS.Peep","CEN02ADA","02:00:00 AM","240","TS_AppDep.GME.DEV.AS.Peep","Occurs every 1 week(s) on Friday ","True"
"TS_AppDep.GME.DEV.AS.SHIPNET","CEN02ADB","02:00:00 AM","240","TS_AppDep.GME.DEV.AS.SHIPNET","Occurs every 1 week(s) on Friday ","True"
"TS_AppDep.GME.DEV.AS.TMS","CEN02ADC","02:00:00 AM","240","TS_AppDep.GME.DEV.AS.TMS","Occurs every 1 week(s) on Friday ","True"
"TS_AppDep.GME.DEV.GP","CEN02AE8","02:00:00 AM","240","TS_AppDep.GME.DEV.GP","Occurs every 1 week(s) on Friday ","True"
"TS_AppDep.GME.DEV.GP._DG1","CEN02AE9","02:00:00 AM","240","TS_AppDep.GME.DEV.GP._DG1","Occurs every 1 week(s) on Monday ","True"
"TS_AppDep.GME.DEV.GP._DG2","CEN02AEA","02:00:00 AM","240","TS_AppDep.GME.DEV.GP._DG2","Occurs every 1 week(s) on Wednesday ","True"
"TS_AppDep.GME.DEV.GP.ITAM","CEN02AEB","02:00:00 AM","240","TS_AppDep.GME.DEV.GP.ITAM","Occurs every 1 week(s) on Friday ","True"
"TS_AppDep.GME.DEV.GP.Packaging","CEN02AEC","02:00:00 AM","240","TS_AppDep.GME.DEV.GP.Packaging","Occurs every 1 week(s) on Friday ","True"
"TS_AppDep.GME.DEV.GP.TSEng","CEN02AED","02:00:00 AM","240","TS_AppDep.GME.DEV.GP.TSEng","Occurs every 1 week(s) on Friday ","True"
"TS_AppDep.GME.PRD","CEN02518","02:00:00 AM","240","TS_AppDep.GME.PRD","Occurs the Third Tuesday of every 1 month(s) ","True"
"TS_AppDep.GME.PRD._DG1","CEN02519","02:00:00 AM","240","TS_AppDep.GME.PRD._DG1","Occurs every 1 week(s) on Monday ","True"
"TS_AppDep.GME.PRD._DG2","CEN02604","02:00:00 AM","240","DG2 Production GME Terminal Servers","Occurs every 1 week(s) on Wednesday ","True"
"TS_AppDep.GME.PRD.AS","CEN0251A","02:00:00 AM","240","TS_AppDep.GME.PRD.AS","Occurs the Third Tuesday of every 1 month(s) ","True"
"TS_AppDep.GME.PRD.AS._DG1","CEN02605","02:00:00 AM","240","DG1 Application Specific Production GME Terminal Servers","Occurs every 1 week(s) on Monday ","True"
"TS_AppDep.GME.PRD.AS._DG2","CEN02606","02:00:00 AM","240","DG2 Application Specific Production GME Terminal Servers","Occurs every 1 week(s) on Wednesday ","True"
"TS_AppDep.GME.PRD.AS.4DServer","CEN02608","02:00:00 AM","240","4D Application Specific Production GME Terminal Servers","Occurs every 3 week(s) on Tuesday ","True"
"TS_AppDep.GME.PRD.AS.4DServer._DG1","CEN02609","02:00:00 AM","240","DG1 4D Application Specific Production GME Terminal Servers","Occurs every 1 week(s) on Monday ","True"
"TS_AppDep.GME.PRD.AS.AccessAdmin","CEN0260A","02:00:00 AM","240","Access Admin Application Specific Production GME Terminal Servers","Occurs every 3 week(s) on Tuesday ","True"
"TS_AppDep.GME.PRD.AS.AccessAdmin._DG1","CEN0260B","02:00:00 AM","240","DG1 Access Admin Application Specific Production GME Terminal Servers","Occurs every 1 week(s) on Monday ","True"
"TS_AppDep.GME.PRD.AS.AccessAdmin._DG2","CEN0260C","02:00:00 AM","240","DG2 Access Admin Application Specific Production GME Terminal Servers","Occurs every 1 week(s) on Wednesday ","True"
"TS_AppDep.GME.PRD.AS.Allegro","CEN0260E","02:00:00 AM","240","Allegro Application Specific Production GME Terminal Servers","Occurs every 3 week(s) on Tuesday ","True"
"TS_AppDep.GME.PRD.AS.ArcGis","CEN0260F","02:00:00 AM","240","ArcGis Application Specific Production GME Terminal Servers","Occurs every 3 week(s) on Tuesday ","True"
"TS_AppDep.GME.PRD.AS.ArcGis._DG1","CEN02610","02:00:00 AM","240","DG1 ArcGis Application Specific Production GME Terminal Servers","Occurs every 1 week(s) on Monday ","True"
"TS_AppDep.GME.PRD.AS.ArcGis._DG2","CEN02611","02:00:00 AM","240","DG2 ArcGis Application Specific Production GME Terminal Servers","Occurs every 1 week(s) on Wednesday ","True"
"TS_AppDep.GME.PRD.AS.ArcGis2","CEN02612","02:00:00 AM","240","ArcGis2 Application Specific Production GME Terminal Servers","Occurs every 3 week(s) on Tuesday ","True"
"TS_AppDep.GME.PRD.AS.BPC","CEN02613","02:00:00 AM","240","BPC Application Specific Production GME Terminal Servers","Occurs every 3 week(s) on Tuesday ","True"
"TS_AppDep.GME.PRD.AS.Comet","CEN02614","02:00:00 AM","240","Comet Application Specific Production GME Terminal Servers","Occurs every 3 week(s) on Tuesday ","True"
"TS_AppDep.GME.PRD.AS.Comet._DG1","CEN02615","02:00:00 AM","240","DG1 Comet Application Specific Production GME Terminal Servers","Occurs every 1 week(s) on Monday ","True"
"TS_AppDep.GME.PRD.AS.Core5","CEN02616","02:00:00 AM","240","Comet Application Specific Production GME Terminal Servers","Occurs every 3 week(s) on Tuesday ","True"
"TS_AppDep.GME.PRD.AS.Core5._DG1","CEN02617","02:00:00 AM","240","DG1 Core5 Application Specific Production GME Terminal Servers","Occurs every 1 week(s) on Monday ","True"
"TS_AppDep.GME.PRD.AS.Corptax","CEN02618","02:00:00 AM","240","Corptax Application Specific Production GME Terminal Servers","Occurs every 3 week(s) on Tuesday ","True"
"TS_AppDep.GME.PRD.AS.Corptax._DG1","CEN02619","02:00:00 AM","240","DG1 Corptax Application Specific Production GME Terminal Servers","Occurs every 1 week(s) on Monday ","True"
"TS_AppDep.GME.PRD.AS.Corptax._DG2","CEN0261A","02:00:00 AM","240","DG2 Corptax Application Specific Production GME Terminal Servers","Occurs every 1 week(s) on Wednesday ","True"
"TS_AppDep.GME.PRD.AS.Cyber-Sec","CEN0251C","02:00:00 AM","240","TS_AppDep.GME.PRD.AS.Cyber-Sec","Occurs the Third Tuesday of every 1 month(s) ","True"
"TS_AppDep.GME.PRD.AS.Cyber-Sec._DG1","CEN0261C","02:00:00 AM","240","DG1 Cyber-Sec Application Specific Production GME Terminal Servers","Occurs every 1 week(s) on Monday ","True"
"TS_AppDep.GME.PRD.AS.DTAM","CEN0261D","02:00:00 AM","240","DTAM Application Specific Production GME Terminal Servers","Occurs every 3 week(s) on Tuesday ","True"
"TS_AppDep.GME.PRD.AS.EMAPSS","CEN0261E","02:00:00 AM","240","EMAPSS Application Specific Production GME Terminal Servers","Occurs every 3 week(s) on Tuesday ","True"
"TS_AppDep.GME.PRD.AS.EMAPSS._DG1","CEN0261F","02:00:00 AM","240","DG1 EMAPSS Application Specific Production GME Terminal Servers","Occurs every 1 week(s) on Monday ","True"
"TS_AppDep.GME.PRD.AS.EMAPSS._DG2","CEN02826","02:00:00 AM","240","TS_AppDep.GME.PRD.AS.EMAPSS._DG2","Occurs every 1 week(s) on Wednesday ","True"
"TS_AppDep.GME.PRD.AS.ETIME","CEN02AEE","02:00:00 AM","240","TS_AppDep.GME.PRD.AS.ETIME","Occurs every 1 week(s) on Friday ","True"
"TS_AppDep.GME.PRD.AS.Firemon","CEN02AEE","N/A","N/A","N/A","N/A","N/A"
"TS_AppDep.GME.PRD.AS.GPET","CEN0282F","02:00:00 AM","240","TS_AppDep.GME.PRD.AS.GPET","Occurs the Third Tuesday of every 1 month(s) ","True"
"TS_AppDep.GME.PRD.AS.GPET._DG1","CEN02830","02:00:00 AM","240","TS_AppDep.GME.PRD.AS.GPET._DG1","Occurs every 1 week(s) on Monday ","True"
"TS_AppDep.GME.PRD.AS.GPET._DG2","CEN02831","02:00:00 AM","240","TS_AppDep.GME.PRD.AS.GPET._DG2","Occurs every 1 week(s) on Wednesday ","True"
"TS_AppDep.GME.PRD.AS.IDEAS","CEN029F7","02:00:00 AM","240","Ideas Application Specific Production GME Terminal Servers","Occurs every 1 week(s) on Friday ","True"
"TS_AppDep.GME.PRD.AS.IDEAS._DG1","CEN029F8","02:00:00 AM","240","DG1 Ideas Application Specific Production GME Terminal Servers","Occurs every 1 week(s) on Monday ","True"
"TS_AppDep.GME.PRD.AS.IDEAS._DG2","CEN029F9","02:00:00 AM","240","DG2 Ideas Application Specific Production GME Terminal Servers","Occurs every 1 week(s) on Wednesday ","True"
"TS_AppDep.GME.PRD.AS.IIS","CEN02AEF","02:00:00 AM","240","TS_AppDep.GME.PRD.AS.IIS","Occurs every 1 week(s) on Friday ","True"
"TS_AppDep.GME.PRD.AS.Infrastructure","CEN02620","02:00:00 AM","240","TS_AppDep.GME.PRD.AS.Infrastructure","Occurs the Third Tuesday of every 1 month(s) ","True"
"TS_AppDep.GME.PRD.AS.Intoolsv2009","CEN02621","02:00:00 AM","240","Intoolsv2009 Application Specific Production GME Terminal Servers","Occurs every 1 week(s) on Friday ","True"
"TS_AppDep.GME.PRD.AS.Intoolsv2009._DG1","CEN02625","02:00:00 AM","240","DG1 Intoolsv2009 Application Specific Production GME Terminal Servers","Occurs every 1 week(s) on Monday ","True"
"TS_AppDep.GME.PRD.AS.Intoolsv2009._DG2","CEN02626","02:00:00 AM","240","DG2 Intoolsv2009 Application Specific Production GME Terminal Servers","Occurs every 1 week(s) on Wednesday ","True"
"TS_AppDep.GME.PRD.AS.Intoolsv2013","CEN02861","02:00:00 AM","240","TS_AppDep.GME.PRD.AS.Intoolsv2013","Occurs every 1 week(s) on Friday ","True"
"TS_AppDep.GME.PRD.AS.Intoolsv2013._DG1","CEN02862","02:00:00 AM","240","TS_AppDep.GME.PRD.AS.Intoolsv2013._DG1","Occurs every 1 week(s) on Monday ","True"
"TS_AppDep.GME.PRD.AS.Intoolsv2013._DG2","CEN02863","02:00:00 AM","240","TS_AppDep.GME.PRD.AS.Intoolsv2013._DG2","Occurs every 1 week(s) on Wednesday ","True"
"TS_AppDep.GME.PRD.AS.Intoolsv2013Capital","CEN02628","02:00:00 AM","240","Intoolsv2013Capital Application Specific Production GME Terminal Servers","Occurs every 3 week(s) on Tuesday ","True"
"TS_AppDep.GME.PRD.AS.INTREPID","CEN02AF0","02:00:00 AM","240","TS_AppDep.GME.PRD.AS.INTREPID","Occurs every 1 week(s) on Friday ","True"
"TS_AppDep.GME.PRD.AS.Intrepid3","CEN02629","02:00:00 AM","240","Intrepid3 Application Specific Production GME Terminal Servers","Occurs every 3 week(s) on Tuesday ","True"
"TS_AppDep.GME.PRD.AS.iRAMP","CEN0262A","02:00:00 AM","240","iRamp Application Specific Production GME Terminal Servers","Occurs every 3 week(s) on Tuesday ","True"
"TS_AppDep.GME.PRD.AS.LabWare","CEN02AF1","02:00:00 AM","240","TS_AppDep.GME.PRD.AS.LabWare","Occurs every 1 week(s) on Friday ","True"
"TS_AppDep.GME.PRD.AS.LIMS","CEN0262B","02:00:00 AM","240","LIMS Application Specific Production GME Terminal Servers","Occurs every 3 week(s) on Tuesday ","True"
"TS_AppDep.GME.PRD.AS.Meridium","CEN0262C","02:00:00 AM","240","Meridium Application Specific Production GME Terminal Servers","Occurs every 3 week(s) on Tuesday ","True"
"TS_AppDep.GME.PRD.AS.Meridium._DG1","CEN0262D","02:00:00 AM","240","DG1 Meridium Application Specific Production GME Terminal Servers","Occurs every 1 week(s) on Monday ","True"
"TS_AppDep.GME.PRD.AS.Meridium._DG2","CEN0262E","02:00:00 AM","240","DG2 Meridium Application Specific Production GME Terminal Servers","Occurs every 1 week(s) on Wednesday ","True"
"TS_AppDep.GME.PRD.AS.Miro","CEN0262F","02:00:00 AM","240","Miro Application Specific Production GME Terminal Servers","Occurs every 3 week(s) on Tuesday ","True"
"TS_AppDep.GME.PRD.AS.OpsInsight","CEN02630","02:00:00 AM","240","OpsInsight Application Specific Production GME Terminal Servers","Occurs every 3 week(s) on Tuesday ","True"
"TS_AppDep.GME.PRD.AS.OpsInsight._DG1","CEN02631","02:00:00 AM","240","DG1 OpsInsight Application Specific Production GME Terminal Servers","Occurs every 1 week(s) on Monday ","True"
"TS_AppDep.GME.PRD.AS.OpsInsight._DG2","CEN02632","02:00:00 AM","240","DG2 OpsInsight Application Specific Production GME Terminal Servers","Occurs every 1 week(s) on Wednesday ","True"
"TS_AppDep.GME.PRD.AS.Peep","CEN02AF2","02:00:00 AM","240","TS_AppDep.GME.PRD.AS.Peep","Occurs every 1 week(s) on Friday ","True"
"TS_AppDep.GME.PRD.AS.Phoenix","CEN02636","02:00:00 AM","240","Phoenix Application Specific Production GME Terminal Servers","Occurs every 3 week(s) on Tuesday ","True"
"TS_AppDep.GME.PRD.AS.Phoenix._DG1","CEN02637","02:00:00 AM","240","DG1 Phoenix Application Specific Production GME Terminal Servers","Occurs every 1 week(s) on Monday ","True"
"TS_AppDep.GME.PRD.AS.PowerPivot","CEN02638","02:00:00 AM","240","PowerPivot Application Specific Production GME Terminal Servers","Occurs every 3 week(s) on Tuesday ","True"
"TS_AppDep.GME.PRD.AS.PrimaveraPOSS","CEN0281C","02:00:00 AM","240","TS_AppDep.GME.PRD.AS.PrimaveraPOSS","Occurs the Third Tuesday of every 1 month(s) ","True"
"TS_AppDep.GME.PRD.AS.PSIMS","CEN02639","02:00:00 AM","240","PSIMS Application Specific Production GME Terminal Servers","Occurs every 3 week(s) on Tuesday ","True"
"TS_AppDep.GME.PRD.AS.PSIMS._DG1","CEN0263A","02:00:00 AM","240","DG1 PSIMS Application Specific Production GME Terminal Servers","Occurs every 1 week(s) on Monday ","True"
"TS_AppDep.GME.PRD.AS.PTMS","CEN0263B","02:00:00 AM","240","PTMS Application Specific Production GME Terminal Servers","Occurs every 3 week(s) on Tuesday ","True"
"TS_AppDep.GME.PRD.AS.Quorum","CEN0263C","02:00:00 AM","240","Quorum Application Specific Production GME Terminal Servers","Occurs every 3 week(s) on Tuesday ","True"
"TS_AppDep.GME.PRD.AS.Quorum._DG1","CEN0263D","02:00:00 AM","240","DG1 Quorum Application Specific Production GME Terminal Servers","Occurs every 1 week(s) on Monday ","True"
"TS_AppDep.GME.PRD.AS.Quorum._DG2","CEN0263E","02:00:00 AM","240","DG2 Quorum Application Specific Production GME Terminal Servers","Occurs every 1 week(s) on Wednesday ","True"
"TS_AppDep.GME.PRD.AS.QuorumDRT","CEN02640","02:00:00 AM","240","QuorumDRT Application Specific Production GME Terminal Servers","Occurs every 3 week(s) on Tuesday ","True"
"TS_AppDep.GME.PRD.AS.RateServer","CEN02641","02:00:00 AM","240","RateServer Application Specific Production GME Terminal Servers","Occurs every 3 week(s) on Tuesday ","True"
"TS_AppDep.GME.PRD.AS.RedForest","CEN02642","02:00:00 AM","240","RedForest Application Specific Production GME Terminal Servers","Occurs every 3 week(s) on Tuesday ","True"
"TS_AppDep.GME.PRD.AS.ROAIMS","CEN02643","02:00:00 AM","240","ROAIMS Application Specific Production GME Terminal Servers","Occurs every 3 week(s) on Tuesday ","True"
"TS_AppDep.GME.PRD.AS.ROMEO","CEN02644","02:00:00 AM","240","ROMEO Application Specific Production GME Terminal Servers","Occurs every 3 week(s) on Tuesday ","True"
"TS_AppDep.GME.PRD.AS.RSA","CEN02645","02:00:00 AM","240","RSA Application Specific Production GME Terminal Servers","Occurs every 3 week(s) on Tuesday ","True"
"TS_AppDep.GME.PRD.AS.RSA._DG1","CEN02646","02:00:00 AM","240","DG1 Quorum Application Specific Production GME Terminal Servers","Occurs every 1 week(s) on Monday ","True"
"TS_AppDep.GME.PRD.AS.SatiSped","CEN02647","02:00:00 AM","240","SatiSped Application Specific Production GME Terminal Servers","Occurs every 3 week(s) on Tuesday ","True"
"TS_AppDep.GME.PRD.AS.SCOM2012","CEN02AF3","02:00:00 AM","240","TS_AppDep.GME.PRD.AS.SCOM2012","Occurs every 1 week(s) on Friday ","True"
"TS_AppDep.GME.PRD.AS.Shipnet","CEN02648","02:00:00 AM","240","Shipnet Application Specific Production GME Terminal Servers","Occurs every 3 week(s) on Tuesday ","True"
"TS_AppDep.GME.PRD.AS.Shipnet._DG1","CEN02649","02:00:00 AM","240","DG1 Shipnet Application Specific Production GME Terminal Servers","Occurs every 1 week(s) on Monday ","True"
"TS_AppDep.GME.PRD.AS.Shipnet._DG2","CEN0264A","02:00:00 AM","240","DG2 Shipnet Application Specific Production GME Terminal Servers","Occurs every 1 week(s) on Wednesday ","True"
"TS_AppDep.GME.PRD.AS.SIMTRONICS","CEN02AF4","02:00:00 AM","240","TS_AppDep.GME.PRD.AS.SIMTRONICS","Occurs every 1 week(s) on Friday ","True"
"TS_AppDep.GME.PRD.AS.SrvOps","CEN02AF5","02:00:00 AM","240","TS_AppDep.GME.PRD.AS.SrvOps","Occurs every 1 week(s) on Friday ","True"
"TS_AppDep.GME.PRD.AS.TM1","CEN0264D","02:00:00 AM","240","TM1 Application Specific Production GME Terminal Servers","Occurs every 3 week(s) on Tuesday ","True"
"TS_AppDep.GME.PRD.AS.TM1._DG1","CEN0264E","02:00:00 AM","240","DG1 TM1 Application Specific Production GME Terminal Servers","Occurs every 1 week(s) on Monday ","True"
"TS_AppDep.GME.PRD.AS.TM1._DG2","CEN0264F","02:00:00 AM","240","DG2 TM1 Application Specific Production GME Terminal Servers","Occurs every 1 week(s) on Wednesday ","True"
"TS_AppDep.GME.PRD.AS.TMS","CEN02650","02:00:00 AM","240","TMS Application Specific Production GME Terminal Servers","Occurs every 3 week(s) on Tuesday ","True"
"TS_AppDep.GME.PRD.AS.TMS._DG1","CEN02651","02:00:00 AM","240","DG1 TMS Application Specific Production GME Terminal Servers","Occurs every 1 week(s) on Monday ","True"
"TS_AppDep.GME.PRD.AS.TMS._DG2","CEN02652","02:00:00 AM","240","DG2 TMS Application Specific Production GME Terminal Servers","Occurs every 1 week(s) on Wednesday ","True"
"TS_AppDep.GME.PRD.AS.UC4Batch","CEN02653","02:00:00 AM","240","UC4Batch Application Specific Production GME Terminal Servers","Occurs every 3 week(s) on Tuesday ","True"
"TS_AppDep.GME.PRD.AS.UPK","CEN02654","02:00:00 AM","240","UPK Application Specific Production GME Terminal Servers","Occurs every 3 week(s) on Tuesday ","True"
"TS_AppDep.GME.PRD.AS.UPK-GEMS","CEN02668","02:00:00 AM","240","UPK-GEMS Application Specific Production GME Terminal Servers","Occurs every 3 week(s) on Tuesday ","True"
"TS_AppDep.GME.PRD.AS.Wellview","CEN02669","02:00:00 AM","240","Wellview Application Specific Production GME Terminal Servers","Occurs every 3 week(s) on Tuesday ","True"
"TS_AppDep.GME.PRD.AS.WorkPermit","CEN02AF6","02:00:00 AM","240","TS_AppDep.GME.PRD.AS.WorkPermit","Occurs every 1 week(s) on Friday ","True"
"TS_AppDep.GME.PRD.AS.WQ1","CEN0266A","02:00:00 AM","240","WQ1 Application Specific Production GME Terminal Servers","Occurs every 3 week(s) on Tuesday ","True"
"TS_AppDep.GME.PRD.AS.WQ1._DG1","CEN0266B","02:00:00 AM","240","DG1 WQ1 Application Specific Production GME Terminal Servers","Occurs every 1 week(s) on Monday ","True"
"TS_AppDep.GME.PRD.AS.WQ1._DG2","CEN0266C","02:00:00 AM","240","DG2 WQ1 Application Specific Production GME Terminal Servers","Occurs every 1 week(s) on Wednesday ","True"
"TS_AppDep.GME.PRD.AS.XTO","CEN0266D","02:00:00 AM","240","XTO Application Specific Production GME Terminal Servers","Occurs every 3 week(s) on Tuesday ","True"
"TS_AppDep.GME.PRD.AS.XTO._DG1","CEN0266E","02:00:00 AM","240","DG1 XTO Application Specific Production GME Terminal Servers","Occurs every 1 week(s) on Monday ","True"
"TS_AppDep.GME.PRD.GP","CEN0266F","02:00:00 AM","240","General Purpose Production GME Terminal Servers","Occurs every 3 week(s) on Tuesday ","True"
"TS_AppDep.GME.PRD.GP._DG1","CEN02670","02:00:00 AM","240","DG1 General Purpose Production GME Terminal Servers","Occurs every 1 week(s) on Monday ","True"
"TS_AppDep.GME.PRD.GP._DG2","CEN02671","02:00:00 AM","240","DG2 General Purpose Production GME Terminal Servers","Occurs every 1 week(s) on Wednesday ","True"
"TS_AppDep.GME.PRD.GP.ABB","CEN02679","02:00:00 AM","240","ABB General Purpose Production GME Terminal Servers","Occurs every 3 week(s) on Tuesday ","True"
"TS_AppDep.GME.PRD.GP.ABU","CEN0267A","02:00:00 AM","240","ABU General Purpose Production GME Terminal Servers","Occurs every 3 week(s) on Tuesday ","True"
"TS_AppDep.GME.PRD.GP.BKK","CEN0267B","02:00:00 AM","240","BKK General Purpose Production GME Terminal Servers","Occurs every 3 week(s) on Tuesday ","True"
"TS_AppDep.GME.PRD.GP.BSR","CEN02AF7","02:00:00 AM","240","TS_AppDep.GME.PRD.GP.BSR","Occurs every 1 week(s) on Friday ","True"
"TS_AppDep.GME.PRD.GP.CAL","CEN0267C","02:00:00 AM","240","CAL General Purpose Production GME Terminal Servers","Occurs every 3 week(s) on Tuesday ","True"
"TS_AppDep.GME.PRD.GP.CAL._DG1","CEN0267D","02:00:00 AM","240","DG1 CAL General Purpose Production GME Terminal Servers","Occurs every 1 week(s) on Monday ","True"
"TS_AppDep.GME.PRD.GP.CAL._DG2","CEN0267E","02:00:00 AM","240","DG2 CAL General Purpose Production GME Terminal Servers","Occurs every 1 week(s) on Wednesday ","True"
"TS_AppDep.GME.PRD.GP.CEP","CEN02688","02:00:00 AM","240","CEP General Purpose Production GME Terminal Servers","Occurs every 3 week(s) on Tuesday ","True"
"TS_AppDep.GME.PRD.GP.CTC","CEN0268A","02:00:00 AM","240","CTC General Purpose Production GME Terminal Servers","Occurs every 3 week(s) on Tuesday ","True"
"TS_AppDep.GME.PRD.GP.CTC._DG1","CEN0268B","02:00:00 AM","240","DG1 CTC General Purpose Production GME Terminal Servers","Occurs every 1 week(s) on Monday ","True"
"TS_AppDep.GME.PRD.GP.CTC._DG2","CEN0268C","02:00:00 AM","240","DG2 CTC General Purpose Production GME Terminal Servers","Occurs every 1 week(s) on Wednesday ","True"
"TS_AppDep.GME.PRD.GP.DAL","CEN0268E","02:00:00 AM","240","DAL General Purpose Production GME Terminal Servers","Occurs every 3 week(s) on Tuesday ","True"
"TS_AppDep.GME.PRD.GP.DAL._DG1","CEN0268F","02:00:00 AM","240","DG1 DAL General Purpose Production GME Terminal Servers","Occurs every 1 week(s) on Monday ","True"
"TS_AppDep.GME.PRD.GP.DAL._DG2","CEN02690","02:00:00 AM","240","DG2 DAL General Purpose Production GME Terminal Servers","Occurs every 1 week(s) on Wednesday ","True"
"TS_AppDep.GME.PRD.GP.DOH","CEN02691","02:00:00 AM","240","DOH General Purpose Production GME Terminal Servers","Occurs every 3 week(s) on Tuesday ","True"
"TS_AppDep.GME.PRD.GP.DOWNSTREAM","CEN02672","02:00:00 AM","240","Downstream General Purpose Production GME Terminal Servers","Occurs every 3 week(s) on Tuesday ","True"
"TS_AppDep.GME.PRD.GP.DOWNSTREAM._DG1","CEN02673","02:00:00 AM","240","DG1 Downstream General Purpose Production GME Terminal Servers","Occurs every 1 week(s) on Monday ","True"
"TS_AppDep.GME.PRD.GP.DOWNSTREAM._DG2","CEN02674","02:00:00 AM","240","DG2 Downstream General Purpose Production GME Terminal Servers","Occurs every 1 week(s) on Wednesday ","True"
"TS_AppDep.GME.PRD.GP.ESH","CEN02692","02:00:00 AM","240","ESH General Purpose Production GME Terminal Servers","Occurs every 3 week(s) on Tuesday ","True"
"TS_AppDep.GME.PRD.GP.ESH._DG1","CEN02693","02:00:00 AM","240","DG1 ESH General Purpose Production GME Terminal Servers","Occurs every 1 week(s) on Monday ","True"
"TS_AppDep.GME.PRD.GP.ESH._DG2","CEN02694","02:00:00 AM","240","DG2 ESH General Purpose Production GME Terminal Servers","Occurs every 1 week(s) on Wednesday ","True"
"TS_AppDep.GME.PRD.GP.FFX","CEN02695","02:00:00 AM","240","FFX General Purpose Production GME Terminal Servers","Occurs every 3 week(s) on Tuesday ","True"
"TS_AppDep.GME.PRD.GP.FFX._DG1","CEN02696","02:00:00 AM","240","DG1 FFX General Purpose Production GME Terminal Servers","Occurs every 1 week(s) on Monday ","True"
"TS_AppDep.GME.PRD.GP.FRS","CEN02697","02:00:00 AM","240","FRS General Purpose Production GME Terminal Servers","Occurs every 3 week(s) on Tuesday ","True"
"TS_AppDep.GME.PRD.GP.FRS._DG1","CEN02698","02:00:00 AM","240","DG1 FRS General Purpose Production GME Terminal Servers","Occurs every 1 week(s) on Monday ","True"
"TS_AppDep.GME.PRD.GP.HNO","CEN0269A","02:00:00 AM","240","HNO General Purpose Production GME Terminal Servers","Occurs every 3 week(s) on Tuesday ","True"
"TS_AppDep.GME.PRD.GP.HOE","CEN0269B","02:00:00 AM","240","HOE General Purpose Production GME Terminal Servers","Occurs every 3 week(s) on Tuesday ","True"
"TS_AppDep.GME.PRD.GP.HOE._DG1","CEN0269C","02:00:00 AM","240","DG1 HOE General Purpose Production GME Terminal Servers","Occurs every 1 week(s) on Monday ","True"
"TS_AppDep.GME.PRD.GP.HOE._DG2","CEN0269E","02:00:00 AM","240","DG2 HOE General Purpose Production GME Terminal Servers","Occurs every 1 week(s) on Wednesday ","True"
"TS_AppDep.GME.PRD.GP.IRS","CEN0269F","02:00:00 AM","240","IRS General Purpose Production GME Terminal Servers","Occurs every 3 week(s) on Tuesday ","True"
"TS_AppDep.GME.PRD.GP.IRS._DG1","CEN026A0","02:00:00 AM","240","DG1 IRS General Purpose Production GME Terminal Servers","Occurs every 1 week(s) on Monday ","True"
"TS_AppDep.GME.PRD.GP.JAK","CEN026A2","02:00:00 AM","240","JAK General Purpose Production GME Terminal Servers","Occurs every 3 week(s) on Tuesday ","True"
"TS_AppDep.GME.PRD.GP.JAK._DG1","CEN026A3","02:00:00 AM","240","DG1 JAK General Purpose Production GME Terminal Servers","Occurs every 1 week(s) on Monday ","True"
"TS_AppDep.GME.PRD.GP.JAK._DG2","CEN026A4","02:00:00 AM","240","DG2 JAK General Purpose Production GME Terminal Servers","Occurs every 1 week(s) on Wednesday ","True"
"TS_AppDep.GME.PRD.GP.KME","CEN026A5","02:00:00 AM","240","KME General Purpose Production GME Terminal Servers","Occurs every 3 week(s) on Tuesday ","True"
"TS_AppDep.GME.PRD.GP.KRL","CEN026A6","02:00:00 AM","240","KRL General Purpose Production GME Terminal Servers","Occurs every 3 week(s) on Tuesday ","True"
"TS_AppDep.GME.PRD.GP.KRL._DG1","CEN026A7","02:00:00 AM","240","DG1 KRL General Purpose Production GME Terminal Servers","Occurs every 1 week(s) on Monday ","True"
"TS_AppDep.GME.PRD.GP.KUL","CEN026AE","02:00:00 AM","240","KUL General Purpose Production GME Terminal Servers","Occurs every 3 week(s) on Tuesday ","True"
"TS_AppDep.GME.PRD.GP.KUL._DG1","CEN026AF","02:00:00 AM","240","DG1 KUL General Purpose Production GME Terminal Servers","Occurs every 1 week(s) on Monday ","True"
"TS_AppDep.GME.PRD.GP.KUL._DG2","CEN026B0","02:00:00 AM","240","DG2 KUL General Purpose Production GME Terminal Servers","Occurs every 1 week(s) on Wednesday ","True"
"TS_AppDep.GME.PRD.GP.LAG","CEN026B1","02:00:00 AM","240","LAG General Purpose Production GME Terminal Servers","Occurs every 3 week(s) on Tuesday ","True"
"TS_AppDep.GME.PRD.GP.LAG._DG1","CEN026B2","02:00:00 AM","240","DG1 LAG General Purpose Production GME Terminal Servers","Occurs every 1 week(s) on Monday ","True"
"TS_AppDep.GME.PRD.GP.LDN","CEN026B3","02:00:00 AM","240","LDN General Purpose Production GME Terminal Servers","Occurs every 3 week(s) on Tuesday ","True"
"TS_AppDep.GME.PRD.GP.LDN._DG1","CEN026B4","02:00:00 AM","240","DG1 LDN General Purpose Production GME Terminal Servers","Occurs every 1 week(s) on Monday ","True"
"TS_AppDep.GME.PRD.GP.LDN._DG2","CEN026B5","02:00:00 AM","240","DG2 LDN General Purpose Production GME Terminal Servers","Occurs every 1 week(s) on Wednesday ","True"
"TS_AppDep.GME.PRD.GP.LFD","CEN026B6","02:00:00 AM","240","LFD General Purpose Production GME Terminal Servers","Occurs every 3 week(s) on Tuesday ","True"
"TS_AppDep.GME.PRD.GP.LHD","CEN026B7","02:00:00 AM","240","LHD General Purpose Production GME Terminal Servers","Occurs every 3 week(s) on Tuesday ","True"
"TS_AppDep.GME.PRD.GP.LHD._DG1","CEN02815","02:00:00 AM","240","TS_AppDep.GME.PRD.GP.LHD._DG1","Occurs every 1 week(s) on Monday ","True"
"TS_AppDep.GME.PRD.GP.LHD._DG2","CEN02817","02:00:00 AM","240","TS_AppDep.GME.PRD.GP.LHD._DG2","Occurs every 1 week(s) on Wednesday ","True"
"TS_AppDep.GME.PRD.GP.LUA","CEN026BA","02:00:00 AM","240","LUA General Purpose Production GME Terminal Servers","Occurs every 3 week(s) on Tuesday ","True"
"TS_AppDep.GME.PRD.GP.MAC","CEN026BB","02:00:00 AM","240","MAC General Purpose Production GME Terminal Servers","Occurs every 3 week(s) on Tuesday ","True"
"TS_AppDep.GME.PRD.GP.MAC._DG1","CEN026BC","02:00:00 AM","240","DG1 MAC General Purpose Production GME Terminal Servers","Occurs every 1 week(s) on Monday ","True"
"TS_AppDep.GME.PRD.GP.MAC._DG2","CEN026BD","02:00:00 AM","240","DG2 MAC General Purpose Production GME Terminal Servers","Occurs every 1 week(s) on Wednesday ","True"
"TS_AppDep.GME.PRD.GP.MEE","CEN026BF","02:00:00 AM","240","MEE General Purpose Production GME Terminal Servers","Occurs every 3 week(s) on Tuesday ","True"
"TS_AppDep.GME.PRD.GP.MEE._DG1","CEN026C0","02:00:00 AM","240","DG1 MEE General Purpose Production GME Terminal Servers","Occurs every 1 week(s) on Monday ","True"
"TS_AppDep.GME.PRD.GP.MEL","CEN026C1","02:00:00 AM","240","MEL General Purpose Production GME Terminal Servers","Occurs every 3 week(s) on Tuesday ","True"
"TS_AppDep.GME.PRD.GP.MEL._DG1","CEN026C2","02:00:00 AM","240","DG1 MEL General Purpose Production GME Terminal Servers","Occurs every 1 week(s) on Monday ","True"
"TS_AppDep.GME.PRD.GP.MKL","CEN026C3","02:00:00 AM","240","MKL General Purpose Production GME Terminal Servers","Occurs every 3 week(s) on Tuesday ","True"
"TS_AppDep.GME.PRD.GP.MKL._DG1","CEN026C4","02:00:00 AM","240","DG1 MKL General Purpose Production GME Terminal Servers","Occurs every 1 week(s) on Monday ","True"
"TS_AppDep.GME.PRD.GP.MKL._DG2","CEN026C5","02:00:00 AM","240","DG2 MKL General Purpose Production GME Terminal Servers","Occurs every 1 week(s) on Wednesday ","True"
"TS_AppDep.GME.PRD.GP.MSW","CEN026C7","02:00:00 AM","240","MSW General Purpose Production GME Terminal Servers","Occurs every 3 week(s) on Tuesday ","True"
"TS_AppDep.GME.PRD.GP.PCH","CEN02AF8","02:00:00 AM","240","TS_AppDep.GME.PRD.GP.PCH","Occurs every 1 week(s) on Friday ","True"
"TS_AppDep.GME.PRD.GP.POU","CEN026C8","02:00:00 AM","240","POU General Purpose Production GME Terminal Servers","Occurs every 3 week(s) on Tuesday ","True"
"TS_AppDep.GME.PRD.GP.SBK","CEN0294A","02:00:00 AM","240","SBK General Purpose Production GME Terminal Servers","Occurs every 3 week(s) on Tuesday ","True"
"TS_AppDep.GME.PRD.GP.SKR","CEN0294C","02:00:00 AM","240","SKR General Purpose Production GME Terminal Servers","Occurs every 3 week(s) on Tuesday ","True"
"TS_AppDep.GME.PRD.GP.SKR._DG1","CEN0294D","02:00:00 AM","240","DG1 SBK General Purpose Production GME Terminal Servers","Occurs every 1 week(s) on Monday ","True"
"TS_AppDep.GME.PRD.GP.SKR._DG2","CEN0294E","02:00:00 AM","240","DG2 SBK General Purpose Production GME Terminal Servers","Occurs every 1 week(s) on Wednesday ","True"
"TS_AppDep.GME.PRD.GP.SNG","CEN026C9","02:00:00 AM","240","SNG General Purpose Production GME Terminal Servers","Occurs every 3 week(s) on Tuesday ","True"
"TS_AppDep.GME.PRD.GP.SNG._DG1","CEN026CA","02:00:00 AM","240","DG1 SNG General Purpose Production GME Terminal Servers","Occurs every 1 week(s) on Monday ","True"
"TS_AppDep.GME.PRD.GP.STJ","CEN026CB","02:00:00 AM","240","STJ General Purpose Production GME Terminal Servers","Occurs every 3 week(s) on Tuesday ","True"
"TS_AppDep.GME.PRD.GP.SYC","CEN026CC","02:00:00 AM","240","SYC General Purpose Production GME Terminal Servers","Occurs every 3 week(s) on Tuesday ","True"
"TS_AppDep.GME.PRD.GP.SYN","CEN026CD","02:00:00 AM","240","SYN General Purpose Production GME Terminal Servers","Occurs every 3 week(s) on Tuesday ","True"
"TS_AppDep.GME.PRD.GP.SYN._DG1","CEN026CE","02:00:00 AM","240","DG1 SYN General Purpose Production GME Terminal Servers","Occurs every 1 week(s) on Monday ","True"
"TS_AppDep.GME.PRD.GP.SYN._DG2","CEN026CF","02:00:00 AM","240","DG2 SYN General Purpose Production GME Terminal Servers","Occurs every 1 week(s) on Wednesday ","True"
"TS_AppDep.GME.PRD.GP.TOR","CEN026D0","02:00:00 AM","240","TOR General Purpose Production GME Terminal Servers","Occurs every 3 week(s) on Tuesday ","True"
"TS_AppDep.GME.PRD.GP.TPR","CEN026D1","02:00:00 AM","240","TPR General Purpose Production GME Terminal Servers","Occurs every 3 week(s) on Tuesday ","True"
"TS_AppDep.GME.PRD.GP.UDR","CEN026D2","02:00:00 AM","240","UDR General Purpose Production GME Terminal Servers","Occurs every 3 week(s) on Tuesday ","True"
"TS_AppDep.GME.PRD.GP.UDR._DG1","CEN026D3","02:00:00 AM","240","DG1 UDR General Purpose Production GME Terminal Servers","Occurs every 1 week(s) on Monday ","True"
"TS_AppDep.GME.PRD.GP.UDR._DG2","CEN026D4","02:00:00 AM","240","DG2 UDR General Purpose Production GME Terminal Servers","Occurs every 1 week(s) on Wednesday ","True"
"TS_AppDep.GME.PRD.GP.UPS","CEN026D5","02:00:00 AM","240","UPS General Purpose Production GME Terminal Servers","Occurs every 3 week(s) on Tuesday ","True"
"TS_AppDep.GME.PRD.GP.UPS._DG1","CEN026D6","02:00:00 AM","240","DG1 UPS General Purpose Production GME Terminal Servers","Occurs every 1 week(s) on Monday ","True"
"TS_AppDep.GME.PRD.GP.UPS._DG2","CEN026D7","02:00:00 AM","240","DG2 UPS General Purpose Production GME Terminal Servers","Occurs every 1 week(s) on Wednesday ","True"
"TS_AppDep.GME.PRD.GP.UPSTREAM","CEN02675","02:00:00 AM","240","Upstream General Purpose Production GME Terminal Servers","Occurs every 3 week(s) on Tuesday ","True"
"TS_AppDep.GME.PRD.GP.UPSTREAM._DG1","CEN02676","02:00:00 AM","240","DG1 Upstream General Purpose Production GME Terminal Servers","Occurs every 1 week(s) on Monday ","True"
"TS_AppDep.GME.PRD.GP.UPSTREAM._DG2","CEN02677","02:00:00 AM","240","DG2 Upstream General Purpose Production GME Terminal Servers","Occurs every 1 week(s) on Wednesday ","True"
"TS_AppDep.GME.PRD.GP.USN","CEN026D8","02:00:00 AM","240","USN General Purpose Production GME Terminal Servers","Occurs every 3 week(s) on Tuesday ","True"
"TS_AppDep.GME.PRD.GP.YUZ","CEN026D9","02:00:00 AM","240","YUZ General Purpose Production GME Terminal Servers","Occurs every 3 week(s) on Tuesday ","True"
"TS_AppDep.XME","CEN025B4","02:00:00 AM","240","XME Terminal Servers","Occurs every 3 week(s) on Tuesday ","True"
"TS_AppDep.XME.ACC","CEN025B5","02:00:00 AM","240","Acceptance XME Terminal Servers","Occurs every 3 week(s) on Tuesday ","True"
"TS_AppDep.XME.ACC._DG1","CEN02832","02:00:00 AM","240","TS_AppDep.XME.ACC._DG1","Occurs every 1 week(s) on Monday ","True"
"TS_AppDep.XME.ACC._DG2","CEN02833","02:00:00 AM","240","TS_AppDep.XME.ACC._DG2","Occurs every 1 week(s) on Wednesday ","True"
"TS_AppDep.XME.ACC.AS","CEN025B6","02:00:00 AM","240","Application Specific Acceptance XME Terminal Servers","Occurs every 2 week(s) on Wednesday ","True"
"TS_AppDep.XME.ACC.AS._DG1","CEN02834","02:00:00 AM","240","TS_AppDep.XME.ACC.AS._DG1","Occurs every 1 week(s) on Monday ","True"
"TS_AppDep.XME.ACC.AS._DG2","CEN02835","02:00:00 AM","240","TS_AppDep.XME.ACC.AS._DG2","Occurs every 1 week(s) on Wednesday ","True"
"TS_AppDep.XME.ACC.GP","CEN025B8","02:00:00 AM","240","General Purpose Acceptance XME Terminal Servers","Occurs every 2 week(s) on Monday ","True"
"TS_AppDep.XME.ACC.GP._DG1","CEN02836","02:00:00 AM","240","TS_AppDep.XME.ACC.GP._DG1","Occurs every 1 week(s) on Monday ","True"
"TS_AppDep.XME.ACC.GP._DG2","CEN02837","02:00:00 AM","240","TS_AppDep.XME.ACC.GP._DG2","Occurs every 1 week(s) on Wednesday ","True"
"TS_AppDep.XME.PRD","CEN025BA","02:00:00 AM","240","Standard XME Terminal Servers","Occurs every 4 week(s) on Thursday ","True"
"TS_AppDep.XME.PRD._DG1","CEN02838","02:00:00 AM","240","TS_AppDep.XME.PRD._DG1","Occurs every 1 week(s) on Monday ","True"
"TS_AppDep.XME.PRD._DG2","CEN02839","02:00:00 AM","240","TS_AppDep.XME.PRD._DG2","Occurs every 1 week(s) on Wednesday ","True"
"TS_AppDep.XME.PRD.AS","CEN025BB","02:00:00 AM","240","Application Specific Production XME Terminal Servers","Occurs every 3 week(s) on Thursday ","True"
"TS_AppDep.XME.PRD.AS._DG1","CEN0283A","02:00:00 AM","240","TS_AppDep.XME.PRD.AS._DG1","Occurs every 1 week(s) on Monday ","True"
"TS_AppDep.XME.PRD.AS._DG2","CEN0283B","02:00:00 AM","240","TS_AppDep.XME.PRD.AS._DG2","Occurs every 1 week(s) on Wednesday ","True"
"TS_AppDep.XME.PRD.GP","CEN025BC","02:00:00 AM","240","Application Specific Acceptance XME Terminal Servers","Occurs every 3 week(s) on Wednesday ","True"
"TS_AppDep.XME.PRD.GP._DG1","CEN0283C","02:00:00 AM","240","TS_AppDep.XME.PRD.GP._DG1","Occurs every 1 week(s) on Monday ","True"
"TS_AppDep.XME.PRD.GP._DG2","CEN0283D","02:00:00 AM","240","TS_AppDep.XME.PRD.GP._DG2","Occurs every 1 week(s) on Wednesday ","True"
"TS_AppDep.XME.PRD.LegacyGP","CEN02AF9","02:00:00 AM","240","TS_AppDep.XME.PRD.LegacyGP","Occurs every 1 week(s) on Friday ","True"
